{
    "loss": 13.916110038757324,
    "accuracy": 0.9662576913833618
}